Cluster,0,1,0_Pct,1_Pct
1,27,20,57.446808510638306,42.5531914893617
2,32,29,52.459016393442624,47.540983606557376
3,44,155,22.110552763819097,77.88944723618091
