Cluster,0,1,0_Pct,1_Pct
1,10,37,21.27659574468085,78.72340425531915
2,22,39,36.0655737704918,63.934426229508205
3,4,195,2.0100502512562812,97.98994974874373
