{
    "Age": {
        "Mean": 35.25316455696203,
        "Std": 16.342855691857576,
        "Min": 19.0,
        "Max": 79.0,
        "Shapiro-Wilk_W": 0.8454128859887641,
        "Shapiro-Wilk_p": 1.310419664520166e-07,
        "Normal_Distribution": false
    },
    "Gender": {
        "2": 55.0,
        "1": 44.3,
        "3": 0.7
    },
    "Income": {
        "439.9999999999999": 15.5,
        "586.6666666666666": 8.0,
        "220.0": 6.5,
        "330.0": 4.5,
        "550.0": 4.5,
        "293.3333333333333": 4.0,
        "264.0": 4.0,
        "660.0": 4.0,
        "132.0": 3.5,
        "165.0": 3.0,
        "176.0": 3.0,
        "528.0": 3.0,
        "733.3333333333334": 2.5,
        "33.0": 2.5,
        "385.0": 2.5,
        "110.0": 2.0,
        "275.0": 2.0,
        "366.6666666666667": 2.0,
        "513.3333333333333": 2.0,
        "183.3333333333333": 1.5,
        "73.33333333333333": 1.5,
        "352.0": 1.5,
        "322.6666666666666": 1.0,
        "234.6666666666667": 1.0,
        "146.6666666666667": 1.0,
        "88.0": 1.0,
        "308.0": 1.0,
        "54.99999999999999": 1.0,
        "35.2": 1.0,
        "879.9999999999999": 1.0,
        "495.0": 1.0,
        "484.0": 1.0,
        "809.5999999999999": 0.5,
        "704.0": 0.5,
        "990.0": 0.5,
        "44.0": 0.5,
        "188.5714285714286": 0.5,
        "256.6666666666666": 0.5,
        "469.3333333333333": 0.5,
        "806.6666666666666": 0.5,
        "282.8571428571428": 0.5,
        "1320.0": 0.5,
        "605.0": 0.5,
        "572.0": 0.5,
        "616.0": 0.5
    },
    "Literacy": {
        "6": 43.0,
        "4": 31.9,
        "3": 16.3,
        "2": 4.6,
        "1": 2.9,
        "5": 1.3
    },
    "Career": {
        "4": 30.3,
        "1": 24.8,
        "3": 15.3,
        "2": 14.7,
        "6": 14.0,
        "5": 1.0
    },
    "Habits": {
        "Distance": {
            "1": "31.3% (n=96)",
            "2": "24.8% (n=76)",
            "3": "17.6% (n=54)",
            "4": "16.0% (n=49)",
            "5": "10.1% (n=31)",
            "6": "0.3% (n=1)"
        },
        "Frequency": {
            "4": "27.0% (n=83)",
            "5": "25.4% (n=78)",
            "2": "17.6% (n=54)",
            "1": "15.3% (n=47)",
            "3": "14.7% (n=45)"
        },
        "Time": {
            "4": "35.2% (n=108)",
            "5": "28.3% (n=87)",
            "3": "27.4% (n=84)",
            "2": "7.2% (n=22)",
            "1": "2.0% (n=6)"
        },
        "Transportation": {
            "3": "57.0% (n=175)",
            "2": "19.9% (n=61)",
            "1": "16.3% (n=50)",
            "4": "5.2% (n=16)",
            "5": "1.6% (n=5)"
        }
    },
    "Activities": {
        "Jogging": 0.21,
        "Workout": 0.35,
        "Sightseeing": 0.76,
        "Talking": 0.54,
        "Photography": 0.27
    }
}