Cluster,1,2,3,4,5,1_Pct,2_Pct,3_Pct,4_Pct,5_Pct
1,8,12,9,9,9,17.02127659574468,25.53191489361702,19.148936170212767,19.148936170212767,19.148936170212767
2,21,18,6,9,7,34.42622950819672,29.508196721311474,9.836065573770492,14.754098360655737,11.475409836065573
3,18,24,30,65,62,9.045226130653267,12.060301507537687,15.07537688442211,32.663316582914575,31.155778894472363
