Cluster,1,2,3,4,5,1_Pct,2_Pct,3_Pct,4_Pct,5_Pct
1,8,10,21,6,2,17.02127659574468,21.27659574468085,44.680851063829785,12.76595744680851,4.25531914893617
2,10,14,31,4,2,16.39344262295082,22.950819672131146,50.81967213114754,6.557377049180328,3.278688524590164
3,32,37,123,6,1,16.08040201005025,18.592964824120603,61.80904522613066,3.015075376884422,0.5025125628140703
