Cluster,1,2,3,4,5,6,1_Pct,2_Pct,3_Pct,4_Pct,5_Pct,6_Pct
1,0,3,8,8,0,28,0.0,6.382978723404255,17.02127659574468,17.02127659574468,0.0,59.57446808510638
2,0,7,12,25,4,13,0.0,11.475409836065573,19.672131147540984,40.98360655737705,6.557377049180328,21.311475409836063
3,9,4,30,65,0,91,4.522613065326634,2.0100502512562812,15.07537688442211,32.663316582914575,0.0,45.7286432160804
