,Temperature,Noise,Stormwind,Respiratory,Exercises,Culture,Beauty,Education,Society,Spirit,Dirty,Unsafe,Danger
Park,0.5861277411758214,0.46872135461497316,0.5433785341732876,0.552634098528652,0.6278282242144403,0.5249311710036608,0.6010523214572643,0.6698801970338424,0.592175252811864,0.5873765414225279,-0.4119222589542689,-0.36935992311052424,-0.47499404654301275
Residential,0.610813681241285,0.5010876976294922,0.5812495058768619,0.6308055529227076,0.6905711940417876,0.5336682510392587,0.7050811390341176,0.6880894492038738,0.6281007540295365,0.6725382465666585,-0.4172763562532894,-0.3683423748854766,-0.47006223532477215
Garden,0.45224716780106355,0.3994427050538716,0.41423108867853403,0.4171592620121273,0.5703375228779752,0.42420205471782707,0.5225523665124601,0.5586006221718542,0.4604821197705184,0.4741367465117808,-0.3021035545730409,-0.2690208910002917,-0.33928178580122825
Rooftop,0.4960914195506356,0.4389763334105073,0.4741573996062278,0.4043299683546717,0.5234138548608293,0.40036627443478834,0.5613291264190557,0.5137072417522562,0.4507351073588117,0.533245963504779,-0.3044536381978058,-0.3287078138585324,-0.3540628872780644
Recreation,0.40870892534299835,0.36018022246155923,0.38726035929996405,0.327640261869753,0.4435840120247182,0.41597785467253595,0.41702432907643733,0.46845721173859056,0.337735516408859,0.346506311430844,-0.08584770592904668,-0.14113338302330178,-0.2698727403572271
Agriculture,-0.3186847619885256,-0.22410153490737583,-0.31116783542012505,-0.31164843416963245,-0.29672463363412205,-0.08295065998935172,-0.407725512606722,-0.34041202068253673,-0.33774567405476646,-0.3661505107268029,0.4906684665223075,0.4667053886536356,0.5249948486680992
Nature,-0.4377274782376116,-0.2893202018289482,-0.47487184947631206,-0.4416794342162952,-0.4395911413850507,-0.2583285861208512,-0.4891875676625891,-0.4669790589031381,-0.4642512201471137,-0.5258378364708906,0.5182221077803194,0.5103204875306926,0.5338960402111311
