,Temperature,Noise,Stormwind,Respiratory,Exercises,Culture,Beauty,Education,Society,Spirit,Dirty,Unsafe,Danger
Park,0.5861277411758214,0.4687213546149731,0.5433785341732876,0.552634098528652,0.6278282242144403,0.5249311710036608,0.6010523214572643,0.6698801970338424,0.592175252811864,0.5873765414225279,-0.4119222589542689,-0.3693599231105242,-0.4749940465430127
Residential,0.610813681241285,0.5010876976294922,0.5812495058768619,0.6308055529227076,0.6905711940417876,0.5336682510392587,0.7050811390341176,0.6880894492038738,0.6281007540295365,0.6725382465666585,-0.4172763562532894,-0.3683423748854766,-0.4700622353247721
Garden,0.4522471678010635,0.3994427050538716,0.414231088678534,0.4171592620121273,0.5703375228779752,0.424202054717827,0.5225523665124601,0.5586006221718542,0.4604821197705184,0.4741367465117808,-0.3021035545730409,-0.2690208910002917,-0.3392817858012282
Rooftop,0.4960914195506356,0.4389763334105073,0.4741573996062278,0.4043299683546717,0.5234138548608293,0.4003662744347883,0.5613291264190557,0.5137072417522562,0.4507351073588117,0.533245963504779,-0.3044536381978058,-0.3287078138585324,-0.3540628872780644
Recreation,0.4087089253429983,0.3601802224615592,0.387260359299964,0.327640261869753,0.4435840120247182,0.4159778546725359,0.4170243290764373,0.4684572117385905,0.337735516408859,0.346506311430844,-0.0858477059290466,-0.1411333830233017,-0.2698727403572271
Agriculture,-0.3186847619885256,-0.2241015349073758,-0.311167835420125,-0.3116484341696324,-0.296724633634122,-0.0829506599893517,-0.407725512606722,-0.3404120206825367,-0.3377456740547664,-0.3661505107268029,0.4906684665223075,0.4667053886536356,0.5249948486680992
Nature,-0.4377274782376116,-0.2893202018289482,-0.474871849476312,-0.4416794342162952,-0.4395911413850507,-0.2583285861208512,-0.4891875676625891,-0.4669790589031381,-0.4642512201471137,-0.5258378364708906,0.5182221077803194,0.5103204875306926,0.5338960402111311
